{"group":"A", "time":1, "value":3}
{"group":"A", "time":2, "value":1}
{"group":"A", "time":3, "value":2}
{"group":"A", "time":4, "value":3}
{"group":"A", "time":5, "value":4}
{"group":"A", "time":6, "value":5}
{"group":"A", "time":7, "value":3}
{"group":"A", "time":8, "value":4}
{"group":"A", "time":9, "value":5}
{"group":"A", "time":10, "value":7}
{"group":"A", "time":11, "value":6}
{"group":"A", "time":12, "value":5}
{"group":"A", "time":13, "value":4}
{"group":"A", "time":14, "value":3}
{"group":"A", "time":15, "value":2}
{"group":"A", "time":16, "value":5}
{"group":"A", "time":17, "value":7}
{"group":"A", "time":18, "value":9}
{"group":"A", "time":19, "value":1}
{"group":"A", "time":20, "value":2}
{"group":"A", "time":21, "value":35}
{"group":"A", "time":22, "value":34}
{"group":"A", "time":23, "value":343}
{"group":"A", "time":24, "value":32}
{"group":"A", "time":25, "value":31}
{"group":"A", "time":26, "value":33}
{"group":"A", "time":27, "value":35}
{"group":"A", "time":28, "value":36}
{"group":"A", "time":29, "value":36}
{"group":"A", "time":30, "value":37}
{"group":"A", "time":41, "value":38}
{"group":"A", "time":42, "value":39}
{"group":"A", "time":43, "value":30}
{"group":"A", "time":44, "value":32}
{"group":"A", "time":45, "value":323}
{"group":"A", "time":46, "value":334}
{"group":"A", "time":47, "value":34}
{"group":"A", "time":48, "value":35}
{"group":"A", "time":49, "value":36}
{"group":"A", "time":50, "value":37}
{"group":"A", "time":51, "value":38}
{"group":"A", "time":52, "value":39}
{"group":"A", "time":53, "value":33}
{"group":"A", "time":54, "value":34}
{"group":"A", "time":55, "value":36}